{
    "target file": "min-snort/sprobe.fa",
    "target": "sprobe",
    "target states": 168,
    "reduced file": "hypo/sprobe.85627.r0.2.fa",
    "reduced": "sprobe.85627.r0.2",
    "reduced states": 34,
    "reduction": 0.202381,
    "total packets": 6477400,
    "accepted by target": 86566,
    "accepted by reduced": 442758,
    "wrongly acceptances": 356192,
    "reduced classifications":508375,
    "target classifications": 86566,
    "wrong packet classifications": 362134,
    "ace": 0.0651201,
    "ce": 0.0559073,
    "pe": 0.05499,
    "reduced rules": {
        "q46" : 2334,
        "q105" : 169853,
        "q143" : 8924,
        "q167" : 73179,
        "q238" : 124810,
        "q316" : 13179,
        "q330" : 42576,
        "q346" : 20114,
        "q388" : 53406},
    "target rules": {
        "q46" : 0,
        "q105" : 23816,
        "q143" : 0,
        "q167" : 17,
        "q238" : 14635,
        "q316" : 0,
        "q330" : 0,
        "q346" : 0,
        "q388" : 48098
    },
    "pcaps": [
        "pcaps/week1.pcap",
        "pcaps/week2.pcap"],
    "elapsed time": "7m/37s/982ms"
}
